{
  "rm1_hot_last_op": 1779719433.0,
  "rm1_hot_trx": 33.464353,
  "rm1_hot_usdt": 0.89484,
  "rm2_treasury_usdt": 39405.178572,
  "rm3_treasury_6h_out": 39982.07000000001,
  "rm4_hot_inbound_12h_count": 2,
  "rm4_hot_inbound_12h_usdt": 169.0,
  "rm5_cashout_trx": 401.407951,
  "rm5_cashout_usdt": 284937.964746
}