{
  "rm1_hot_last_op": 1779586233.0,
  "rm1_hot_trx": 34.154319,
  "rm1_hot_usdt": 983.89484,
  "rm2_treasury_usdt": 50332.278572,
  "rm3_treasury_6h_out": 69189.849999,
  "rm4_hot_inbound_12h_count": 5,
  "rm4_hot_inbound_12h_usdt": 15983.7,
  "rm5_cashout_trx": 404.237935,
  "rm5_cashout_usdt": 259937.964746
}