{
  "rm1_hot_last_op": 1779606036.0,
  "rm1_hot_trx": 33.809321,
  "rm1_hot_usdt": 1915.89484,
  "rm2_treasury_usdt": 41777.248572,
  "rm3_treasury_6h_out": 40941.32,
  "rm4_hot_inbound_12h_count": 4,
  "rm4_hot_inbound_12h_usdt": 3913.0,
  "rm5_cashout_trx": 401.407951,
  "rm5_cashout_usdt": 129937.964746
}