{
  "rm1_hot_last_op": 1780167633.0,
  "rm1_hot_trx": 32.774368,
  "rm1_hot_usdt": 0.15484,
  "rm2_treasury_usdt": 43791.298583,
  "rm3_treasury_6h_out": 74453.10999999999,
  "rm4_hot_inbound_12h_count": 1,
  "rm4_hot_inbound_12h_usdt": 2008.0,
  "rm5_cashout_trx": 375.454343,
  "rm5_cashout_usdt": 199654.964746
}