{
  "rm1_hot_last_op": 1781942430.0,
  "rm1_hot_trx": 30.014526,
  "rm1_hot_usdt": 0.99177,
  "rm2_treasury_usdt": 33144.810488,
  "rm3_treasury_6h_out": 29861.95,
  "rm4_hot_inbound_12h_count": 1,
  "rm4_hot_inbound_12h_usdt": 1468.0,
  "rm5_cashout_trx": 234.038036,
  "rm5_cashout_usdt": 203304.064746,
  "rm7_collectors_active": 4,
  "rm7_collectors_in_24h": 41800.0,
  "rm8_hub_conc": 0.0,
  "rm8_hub_hours_since_payout": 2877.8,
  "rm8_hub_out_6h": 0.0,
  "rm8_hub_seen": true,
  "rm8_hub_uniq": 0,
  "rmp1_seen_txs": [
    "7378c79c498f19544178b3865c401eb4873eaae17c33a2af5d53e2dd4645aea1",
    "29c5d5a810156d865d8c6f704427377c578949e1946249ceb8a324adfcf98a8c",
    "de1e54ffe963022209108e228c290280754c1c477e3acdbac8edea443a92157d",
    "4efbf1b9f1f84b329d4c86a86d86ca89852c84bfb7cab6da1588e61b58eb2d71",
    "0108ecd43f8ac342a1852da705c32c6a6cb918e8ddae4a013610c70334728243",
    "a90c92ebe30bf3c4b47c4c0b25cf2d59508785a6089f26c6c0d2dceb084d3210",
    "5b6ec95f66f391a4936054339b9464482056bf2c9a6e9a963e63e48c6d2b9bf7",
    "705c885d1750296cee4dd57d51dea89f4d467b55aa61ee762047bae1dce8172a",
    "f8be0edc35543429e664c572c4668b187e73ef135c36b25f2ce798ddf85408aa",
    "0f89f7eb785244b8adf95df15398a83fe6179c6bf4e268af452060668978d2d2",
    "0fdca920c67a62962c8cb1c78e632a3975fe5201753f6a81dec8ce07c70e3260",
    "91936be7dbbdc628afc4342d6c6d9b8f0c174da154343ff3a23a3a7dbb15846b",
    "cb99f5a3bf79b7893f7955bb38f1e83b37a65b596bfae95bf5d21bf707735904",
    "35fc7c0ed772b44b913ac277805b3f38a3a040de0a59f3b277611138bf4afbd5",
    "a717029d39146ffbf00f2eb6b87c058c4ccad8d292b5d17c8ca41f4be1fca18b",
    "634235f413d175495bc7ef2763a026728f8c4dec1762ea7405edb51581b498a5"
  ]
}