{
  "rm1_hot_last_op": 1780239651.0,
  "rm1_hot_trx": 32.429371,
  "rm1_hot_usdt": 2565.35484,
  "rm2_treasury_usdt": 41778.418585,
  "rm3_treasury_6h_out": 63815.79,
  "rm4_hot_inbound_12h_count": 1,
  "rm4_hot_inbound_12h_usdt": 2008.0,
  "rm5_cashout_trx": 339.739532,
  "rm5_cashout_usdt": 223466.084746
}