{
  "rm1_hot_last_op": 1779606036.0,
  "rm1_hot_trx": 33.80932,
  "rm1_hot_usdt": 0.89484,
  "rm2_treasury_usdt": 20529.828572,
  "rm3_treasury_6h_out": 69189.849999,
  "rm4_hot_inbound_12h_count": 5,
  "rm4_hot_inbound_12h_usdt": 15983.7,
  "rm5_cashout_trx": 404.237935,
  "rm5_cashout_usdt": 259937.964746
}