{
  "rm1_hot_last_op": 1779719433.0,
  "rm1_hot_trx": 33.464353,
  "rm1_hot_usdt": 0.89484,
  "rm2_treasury_usdt": 43192.078572,
  "rm3_treasury_6h_out": 19274.979998999996,
  "rm4_hot_inbound_12h_count": 3,
  "rm4_hot_inbound_12h_usdt": 6935.0,
  "rm5_cashout_trx": 396.577986,
  "rm5_cashout_usdt": 233937.964746
}